code,name,scie,grup,regn,tags,food_key
A001,"Amaranth seed, black",Amaranthus cruentus,Cereals and Millets,1,vegetarian eggetarian fishetarian veg,amaranth_seed_black
A002,"Amaranth seed, pale brown",Amaranthus cruentus,Cereals and Millets,6,vegetarian eggetarian fishetarian veg,amaranth_seed_pale_brown
A003,Bajra,Pennisetum typhoideum,Cereals and Millets,6,vegetarian eggetarian fishetarian veg,bajra
A004,Barley,Hordeum vulgare,Cereals and Millets,6,vegetarian eggetarian fishetarian veg,barley
A005,Jowar,Sorghum vulgare,Cereals and Millets,6,vegetarian eggetarian fishetarian veg,jowar
A006,"Maize, dry",Zea mays,Cereals and Millets,6,vegetarian eggetarian fishetarian veg,maize_dry
A007,"Maize, tender, local",Zea mays,Cereals and Millets,6,vegetarian eggetarian fishetarian veg,maize_tender_local
A008,"Maize, tender, sweet",Zea mays,Cereals and Millets,4,vegetarian eggetarian fishetarian veg,maize_tender_sweet
A009,Quinoa,Chenopodium quinoa,Cereals and Millets,1,vegetarian eggetarian fishetarian veg,quinoa
A010,Ragi,Eleusine coracana,Cereals and Millets,5,vegetarian eggetarian fishetarian veg,ragi
A011,"Rice, flakes",Oryza sativa,Cereals and Millets,6,vegetarian eggetarian fishetarian veg,rice_flakes
A012,"Rice, puffed",Oryza sativa,Cereals and Millets,6,vegetarian eggetarian fishetarian veg,rice_puffed
A013,"Rice, raw, brown",Oryza sativa,Cereals and Millets,6,vegetarian eggetarian fishetarian veg,rice_raw_brown
A014,"Rice, parboiled, milled",Oryza sativa,Cereals and Millets,6,vegetarian eggetarian fishetarian veg,rice_parboiled_milled
A015,"Rice, raw, milled",Oryza sativa,Cereals and Millets,6,vegetarian eggetarian fishetarian veg,rice_raw_milled
A016,Samai,Panicum sumatrense,Cereals and Millets,6,vegetarian eggetarian fishetarian veg,samai
A017,Varagu,Setaria italica,Cereals and Millets,5,vegetarian eggetarian fishetarian veg,varagu
A018,"Wheat flour, refined",Triticum aestivum,Cereals and Millets,6,vegetarian eggetarian fishetarian veg,wheat_flour_refined
A019,"Wheat flour, atta",Triticum aestivum,Cereals and Millets,6,vegetarian eggetarian fishetarian veg,wheat_flour_atta
A020,"Wheat, whole",Triticum aestivum,Cereals and Millets,6,vegetarian eggetarian fishetarian veg,wheat_whole
A021,"Wheat, bulgur",Triticum aestivum,Cereals and Millets,6,vegetarian eggetarian fishetarian veg,wheat_bulgur
A022,"Wheat, semolina",Triticum aestivum,Cereals and Millets,6,vegetarian eggetarian fishetarian veg,wheat_semolina
A023,"Wheat, vermicelli",Triticum aestivum,Cereals and Millets,6,vegetarian eggetarian fishetarian veg,wheat_vermicelli
A024,"Wheat, vermicelli, roasted",Triticum aestivum,Cereals and Millets,6,vegetarian eggetarian fishetarian veg,wheat_vermicelli_roasted
B001,"Bengal gram, dal",Cicer arietinum,Grain Legumes,6,vegetarian eggetarian fishetarian veg,bengal_gram_dal
B002,"Bengal gram, whole",Cicer arietinum,Grain Legumes,6,vegetarian eggetarian fishetarian veg,bengal_gram_whole
B003,"Black gram, dal",Phaseolus mungo,Grain Legumes,6,vegetarian eggetarian fishetarian veg,black_gram_dal
B004,"Black gram, whole",Phaseolus mungo,Grain Legumes,6,vegetarian eggetarian fishetarian veg,black_gram_whole
B005,"Cowpea, brown",Vigna catjang,Grain Legumes,6,vegetarian eggetarian fishetarian veg,cowpea_brown
B006,"Cowpea, white",Vigna catjang,Grain Legumes,1,vegetarian eggetarian fishetarian veg,cowpea_white
B007,"Field bean, black",Phaseolus vulgaris,Grain Legumes,1,vegetarian eggetarian fishetarian veg,field_bean_black
B008,"Field bean, brown",Phaseolus vulgaris,Grain Legumes,1,vegetarian eggetarian fishetarian veg,field_bean_brown
B009,"Field bean, white",Phaseolus vulgaris,Grain Legumes,5,vegetarian eggetarian fishetarian veg,field_bean_white
B010,"Green gram, dal",Vigna radiata,Grain Legumes,6,vegetarian eggetarian fishetarian veg,green_gram_dal
B011,"Green gram, whole",Vigna radiata,Grain Legumes,6,vegetarian eggetarian fishetarian veg,green_gram_whole
B012,"Horse gram, whole",Dolicus biflorus,Grain Legumes,6,vegetarian eggetarian fishetarian veg,horse_gram_whole
B013,"Lentil, dal",Lens culinaris,Grain Legumes,6,vegetarian eggetarian fishetarian veg,lentil_dal
B014,"Lentil, whole, brown",Lens culinaris,Grain Legumes,6,vegetarian eggetarian fishetarian veg,lentil_whole_brown
B015,"Lentil, whole, yellowish",Lens culinaris,Grain Legumes,2,vegetarian eggetarian fishetarian veg,lentil_whole_yellowish
B016,Moth bean,Vigna aconitifolia,Grain Legumes,6,vegetarian eggetarian fishetarian veg,moth_bean
B017,"Peas, dry",Pisum sativum,Grain Legumes,6,vegetarian eggetarian fishetarian veg,peas_dry
B018,"Rajmah, black",Phaseolus vulgaris,Grain Legumes,2,vegetarian eggetarian fishetarian veg,rajmah_black
B019,"Rajmah, brown",Phaseolus vulgaris,Grain Legumes,6,vegetarian eggetarian fishetarian veg,rajmah_brown
B020,"Rajmah, red",Phaseolus vulgaris,Grain Legumes,3,vegetarian eggetarian fishetarian veg,rajmah_red
B021,"Red gram, dal",Cajanus cajan,Grain Legumes,6,vegetarian eggetarian fishetarian veg,red_gram_dal
B022,"Red gram, whole",Cajanus cajan,Grain Legumes,6,vegetarian eggetarian fishetarian veg,red_gram_whole
B023,Ricebean,Vigna umbellata,Grain Legumes,1,vegetarian eggetarian fishetarian veg,ricebean
B024,"Soya bean, brown",Glycine max,Grain Legumes,6,vegetarian eggetarian fishetarian veg,soya_bean_brown
B025,"Soya bean, white",Glycine max Merr,Grain Legumes,1,vegetarian eggetarian fishetarian veg,soya_bean_white
C001,Agathi leaves,Sesbania grandiflora,Green Leafy Vegetables,1,vegetarian eggetarian fishetarian veg,agathi_leaves
C002,"Amaranth leaves, green",Amaranthus gangeticus,Green Leafy Vegetables,6,vegetarian eggetarian fishetarian veg,amaranth_leaves_green
C003,"Amaranth leaves, red",Amaranthus gangeticus,Green Leafy Vegetables,1,vegetarian eggetarian fishetarian veg,amaranth_leaves_red
C004,"Amaranth leaves, red and green",Amaranthus gangeticus,Green Leafy Vegetables,4,vegetarian eggetarian fishetarian veg,amaranth_leaves_red_and_green
C005,"Amaranth, spinous, leaves, green",Amaranth spinosus,Green Leafy Vegetables,4,vegetarian eggetarian fishetarian veg,amaranth_spinous_leaves_green
C006,"Amaranth, spinous, leaves, red and green",Amaranth spinosus,Green Leafy Vegetables,2,vegetarian eggetarian fishetarian veg,amaranth_spinous_leaves_red_and_green
C007,Basella leaves,Basella alba,Green Leafy Vegetables,2,vegetarian eggetarian fishetarian veg,basella_leaves
C008,Bathua leaves,Chenopodium album.,Green Leafy Vegetables,2,vegetarian eggetarian fishetarian veg,bathua_leaves
C009,Beetroot leaves,Beta vulgaris,Green Leafy Vegetables,6,vegetarian eggetarian fishetarian veg,beetroot_leaves
C010,"Betel leaves, big (kolkata)",Piper betle,Green Leafy Vegetables,6,vegetarian eggetarian fishetarian veg,betel_leaves_big_kolkata
C011,"Betel leaves, small",Piper betle,Green Leafy Vegetables,4,vegetarian eggetarian fishetarian veg,betel_leaves_small
C012,Brussels sprouts,Brassica oleracea var. gemmifera,Green Leafy Vegetables,1,vegetarian eggetarian fishetarian veg,brussels_sprouts
C013,"Cabbage, Chinese",Brassica rupa,Green Leafy Vegetables,1,vegetarian eggetarian fishetarian veg,cabbage_chinese
C014,"Cabbage, collard greens",Brassica oleracea var. Viridis,Green Leafy Vegetables,1,vegetarian eggetarian fishetarian veg,cabbage_collard_greens
C015,"Cabbage, green",Brassica oleracea var. capitata f. alba,Green Leafy Vegetables,6,vegetarian eggetarian fishetarian veg,cabbage_green
C016,"Cabbage, violet",Brassica oleracea var. capitata f. rubra,Green Leafy Vegetables,2,vegetarian eggetarian fishetarian veg,cabbage_violet
C017,Cauliflower leaves,Brassica oleracea var. botrytis,Green Leafy Vegetables,6,vegetarian eggetarian fishetarian veg,cauliflower_leaves
C018,"Colocasia leaves, green",Colocasia antiquorum,Green Leafy Vegetables,6,vegetarian eggetarian fishetarian veg,colocasia_leaves_green
C019,Drumstick leaves,Moringa oleifera,Green Leafy Vegetables,3,vegetarian eggetarian fishetarian veg,drumstick_leaves
C020,Fenugreek leaves,Trigonella foenum-graecum,Green Leafy Vegetables,5,vegetarian eggetarian fishetarian veg,fenugreek_leaves
C021,Garden cress,Lepidium sativum,Green Leafy Vegetables,2,vegetarian eggetarian fishetarian veg,garden_cress
C022,"Gogu leaves, green stem",Hibiscus cannabinus,Green Leafy Vegetables,4,vegetarian eggetarian fishetarian veg,gogu_leaves_green_stem
C023,"Gogu leaves, red stem",Hibiscus cannabinus,Green Leafy Vegetables,1,vegetarian eggetarian fishetarian veg,gogu_leaves_red_stem
C024,"Knol-Khol, leaves",Brassica oleracea,Green Leafy Vegetables,2,vegetarian eggetarian fishetarian veg,knol_khol_leaves
C025,Lettuce,Lactuca sativa,Green Leafy Vegetables,3,vegetarian eggetarian fishetarian veg,lettuce
C026,Mustard leaves,Brassica juncea,Green Leafy Vegetables,3,vegetarian eggetarian fishetarian veg,mustard_leaves
C027,Pak Choi leaves,Brassica rapa var. chinensis,Green Leafy Vegetables,1,vegetarian eggetarian fishetarian veg,pak_choi_leaves
C028,Parsley,Petroselinum crispum,Green Leafy Vegetables,3,vegetarian eggetarian fishetarian veg,parsley
C029,Ponnaganni,Alternanthera sessilis,Green Leafy Vegetables,2,vegetarian eggetarian fishetarian veg,ponnaganni
C030,"Pumpkin leaves, tender",Cucurbit maxima,Green Leafy Vegetables,6,vegetarian eggetarian fishetarian veg,pumpkin_leaves_tender
C031,Radish leaves,Raphanus sativus,Green Leafy Vegetables,6,vegetarian eggetarian fishetarian veg,radish_leaves
C032,Rumex leaves,Rumex patientia,Green Leafy Vegetables,2,vegetarian eggetarian fishetarian veg,rumex_leaves
C033,Spinach,Spinacia oleracea,Green Leafy Vegetables,6,vegetarian eggetarian fishetarian veg,spinach
C034,"Tamarind leaves, tender",Tamaridus indica,Green Leafy Vegetables,3,vegetarian eggetarian fishetarian veg,tamarind_leaves_tender
D001,Ash gourd,Benincasa hispida,Other Vegetables,6,vegetarian eggetarian fishetarian veg,ash_gourd
D002,"Bamboo shoot, tender",Bambusa vulgaris,Other Vegetables,1,vegetarian eggetarian fishetarian veg,bamboo_shoot_tender
D003,"Bean scarlet, tender",Phaseolus coccineus,Other Vegetables,5,vegetarian eggetarian fishetarian veg,bean_scarlet_tender
D004,"Bitter gourd, jagged, teeth ridges, elongate",Momordica charantia,Other Vegetables,6,vegetarian eggetarian fishetarian veg,bitter_gourd_jagged_teeth_ridges_elongate
D005,"Bitter gourd, jagged, teeth ridges, short",Momordica charantia,Other Vegetables,4,vegetarian eggetarian fishetarian veg,bitter_gourd_jagged_teeth_ridges_short
D006,"Bitter gourd, jagged, smooth ridges, elongate",Momordica charantia,Other Vegetables,1,vegetarian eggetarian fishetarian veg,bitter_gourd_jagged_smooth_ridges_elongate
D007,"Bottle gourd, elongate, pale green",Lagenaria vulgaris,Other Vegetables,6,vegetarian eggetarian fishetarian veg,bottle_gourd_elongate_pale_green
D008,"Bottle gourd, round, pale green",Lagenaria vulgaris,Other Vegetables,5,vegetarian eggetarian fishetarian veg,bottle_gourd_round_pale_green
D009,"Bottle gourd, elongate, dark green",Lagenaria vulgaris,Other Vegetables,1,vegetarian eggetarian fishetarian veg,bottle_gourd_elongate_dark_green
D010,Brinjal 1,Solanum melongena,Other Vegetables,1,vegetarian eggetarian fishetarian veg,brinjal_1
D011,Brinjal 2,Solanum melongena,Other Vegetables,1,vegetarian eggetarian fishetarian veg,brinjal_2
D012,Brinjal 3,Solanum melongena,Other Vegetables,2,vegetarian eggetarian fishetarian veg,brinjal_3
D013,Brinjal 4,Solanum melongena,Other Vegetables,4,vegetarian eggetarian fishetarian veg,brinjal_4
D014,Brinjal 5,Solanum melongena,Other Vegetables,3,vegetarian eggetarian fishetarian veg,brinjal_5
D015,Brinjal 6,Solanum melongena,Other Vegetables,2,vegetarian eggetarian fishetarian veg,brinjal_6
D016,Brinjal 7,Solanum melongena,Other Vegetables,1,vegetarian eggetarian fishetarian veg,brinjal_7
D017,Brinjal 8,Solanum melongena,Other Vegetables,3,vegetarian eggetarian fishetarian veg,brinjal_8
D018,Brinjal 9,Solanum melongena,Other Vegetables,2,vegetarian eggetarian fishetarian veg,brinjal_9
D019,Brinjal 10,Solanum melongena,Other Vegetables,2,vegetarian eggetarian fishetarian veg,brinjal_10
D020,Brinjal 11,Solanum melongena,Other Vegetables,6,vegetarian eggetarian fishetarian veg,brinjal_11
D021,Brinjal 12,Solanum melongena,Other Vegetables,2,vegetarian eggetarian fishetarian veg,brinjal_12
D022,Brinjal 13,Solanum melongena,Other Vegetables,1,vegetarian eggetarian fishetarian veg,brinjal_13
D023,Brinjal 14,Solanum melongena,Other Vegetables,3,vegetarian eggetarian fishetarian veg,brinjal_14
D024,Brinjal 15,Solanum melongena,Other Vegetables,4,vegetarian eggetarian fishetarian veg,brinjal_15
D025,Brinjal 16,Solanum melongena,Other Vegetables,1,vegetarian eggetarian fishetarian veg,brinjal_16
D026,Brinjal 17,Solanum melongena,Other Vegetables,1,vegetarian eggetarian fishetarian veg,brinjal_17
D027,Brinjal 18,Solanum melongena,Other Vegetables,3,vegetarian eggetarian fishetarian veg,brinjal_18
D028,Brinjal 19,Solanum melongena,Other Vegetables,3,vegetarian eggetarian fishetarian veg,brinjal_19
D029,Brinjal 20,Solanum melongena,Other Vegetables,5,vegetarian eggetarian fishetarian veg,brinjal_20
D030,Brinjal 21,Solanum melongena,Other Vegetables,2,vegetarian eggetarian fishetarian veg,brinjal_21
D031,Brinjal - all varieties,Solanum melongena,Other Vegetables,6,vegetarian eggetarian fishetarian veg,brinjal_all_varieties
D032,Broad beans,Vicia faba,Other Vegetables,3,vegetarian eggetarian fishetarian veg,broad_beans
D033,"Capsicum, green",Capsicum annuum,Other Vegetables,6,vegetarian eggetarian fishetarian veg,capsicum_green
D034,"Capsicum, red",Capsicum annuum,Other Vegetables,4,vegetarian eggetarian fishetarian veg,capsicum_red
D035,"Capsicum, yellow",Capsicum annuum,Other Vegetables,4,vegetarian eggetarian fishetarian veg,capsicum_yellow
D036,Cauliflower,Brassica oleracea var. botrytis,Other Vegetables,6,vegetarian eggetarian fishetarian veg,cauliflower
D037,Celery stalk,Apium graveolens,Other Vegetables,3,vegetarian eggetarian fishetarian veg,celery_stalk
D038,Cho-cho-marrow,Sechium edule,Other Vegetables,4,vegetarian eggetarian fishetarian veg,cho_cho_marrow
D039,Cluster beans,Cyamopsis tetragonobola,Other Vegetables,6,vegetarian eggetarian fishetarian veg,cluster_beans
D040,"Colocasia, stem, black",Colocasia esculenta,Other Vegetables,1,vegetarian eggetarian fishetarian veg,colocasia_stem_black
D041,"Colocasia, stem, green",Colocasia esculenta,Other Vegetables,5,vegetarian eggetarian fishetarian veg,colocasia_stem_green
D042,"Corn, baby",Zea mays,Other Vegetables,6,vegetarian eggetarian fishetarian veg,corn_baby
D043,"Cucumber, green, elongate",Cucumis sativus,Other Vegetables,6,vegetarian eggetarian fishetarian veg,cucumber_green_elongate
D044,"Cucumber, green, short",Cucumis sativus,Other Vegetables,6,vegetarian eggetarian fishetarian veg,cucumber_green_short
D045,"Cucumber, orange, round",Cucumis sativus,Other Vegetables,2,vegetarian eggetarian fishetarian veg,cucumber_orange_round
D046,Drumstick,Moringa oleifera,Other Vegetables,6,vegetarian eggetarian fishetarian veg,drumstick
D047,"Field beans, tender, broad",Phaseolus vulgaris,Other Vegetables,2,vegetarian eggetarian fishetarian veg,field_beans_tender_broad
D048,"Field beans, tender, lean",Phaseolus vulgaris,Other Vegetables,6,vegetarian eggetarian fishetarian veg,field_beans_tender_lean
D049,"French beans, country",Phaseolus vulgaris,Other Vegetables,5,vegetarian eggetarian fishetarian veg,french_beans_country
D050,"French beans, hybrid",Phaseolus vulgaris,Other Vegetables,2,vegetarian eggetarian fishetarian veg,french_beans_hybrid
D051,"Jack fruit, raw",Artocarpus heterophyllus,Other Vegetables,5,vegetarian eggetarian fishetarian veg,jack_fruit_raw
D052,"Jack fruit, seeds, mature",Artocarpus heterophyllus,Other Vegetables,5,vegetarian eggetarian fishetarian veg,jack_fruit_seeds_mature
D053,Knol - Khol,Brassica oleracea,Other Vegetables,6,vegetarian eggetarian fishetarian veg,knol_khol
D054,"Kovai, big",Coccinia cordifolia,Other Vegetables,6,vegetarian eggetarian fishetarian veg,kovai_big
D055,"Kovai, small",Coccinia cordifolia,Other Vegetables,1,vegetarian eggetarian fishetarian veg,kovai_small
D056,Ladies finger,Abelmoschus esculentus,Other Vegetables,6,vegetarian eggetarian fishetarian veg,ladies_finger
D057,"Mango, green, raw",Mangifera indica,Other Vegetables,6,vegetarian eggetarian fishetarian veg,mango_green_raw
D058,"Onion, stalk",Allium wakegi,Other Vegetables,6,vegetarian eggetarian fishetarian veg,onion_stalk
D059,"Papaya, raw",Carica papaya,Other Vegetables,6,vegetarian eggetarian fishetarian veg,papaya_raw
D060,Parwar,Trichosanthes dioica,Other Vegetables,6,vegetarian eggetarian fishetarian veg,parwar
D061,"Peas, fresh",Pisum sativum,Other Vegetables,6,vegetarian eggetarian fishetarian veg,peas_fresh
D062,"Plantain, flower",Musa sapientum,Other Vegetables,6,vegetarian eggetarian fishetarian veg,plantain_flower
D063,"Plantain, green",Musa sapientum,Other Vegetables,6,vegetarian eggetarian fishetarian veg,plantain_green
D064,"Plantain, stem",Musa sapientum,Other Vegetables,6,vegetarian eggetarian fishetarian veg,plantain_stem
D065,"Pumpkin, green, cylindrical",Cucurbita maxima,Other Vegetables,1,vegetarian eggetarian fishetarian veg,pumpkin_green_cylindrical
D066,"Pumpkin, orange, round",Cucurbita maxima,Other Vegetables,6,vegetarian eggetarian fishetarian veg,pumpkin_orange_round
D067,"Red gram, tender, fresh",Cajanus cajan,Other Vegetables,1,vegetarian eggetarian fishetarian veg,red_gram_tender_fresh
D068,Ridge gourd,Luffa acutangula,Other Vegetables,6,vegetarian eggetarian fishetarian veg,ridge_gourd
D069,"Ridge gourd, smooth skin",Luffa acutangula,Other Vegetables,3,vegetarian eggetarian fishetarian veg,ridge_gourd_smooth_skin
D070,"Snake gourd, long, pale green",Trichosanthes anguina,Other Vegetables,6,vegetarian eggetarian fishetarian veg,snake_gourd_long_pale_green
D071,"Snake gourd, long, dark green",Trichosanthes anguina,Other Vegetables,2,vegetarian eggetarian fishetarian veg,snake_gourd_long_dark_green
D072,"Snake gourd, short",Trichosanthes anguina,Other Vegetables,1,vegetarian eggetarian fishetarian veg,snake_gourd_short
D073,"Tinda, tender",Praecitrullus fistulosus,Other Vegetables,6,vegetarian eggetarian fishetarian veg,tinda_tender
D074,"Tomato, green",Solanum lycopersicum,Other Vegetables,6,vegetarian eggetarian fishetarian veg,tomato_green
D075,"Tomato, ripe, hybrid",Solanum lycopersicum,Other Vegetables,6,vegetarian eggetarian fishetarian veg,tomato_ripe_hybrid
D076,"Tomato, ripe, local",Solanum lycopersicum,Other Vegetables,6,vegetarian eggetarian fishetarian veg,tomato_ripe_local
D077,"Zucchini, green",Cucurbita pepo,Other Vegetables,2,vegetarian eggetarian fishetarian veg,zucchini_green
D078,"Zucchini, yellow",Cucurbita pepo,Other Vegetables,2,vegetarian eggetarian fishetarian veg,zucchini_yellow
E001,"Apple, big",Malus domestica,Fruits,6,vegetarian eggetarian fishetarian veg,apple_big
E002,"Apple, green",Malus domestica,Fruits,6,vegetarian eggetarian fishetarian veg,apple_green
E003,"Apple, small",Malus domestica,Fruits,6,vegetarian eggetarian fishetarian veg,apple_small
E004,"Apple, small, Kashmir",Malus domestica,Fruits,1,vegetarian eggetarian fishetarian veg,apple_small_kashmir
E005,"Apricot, dried",Prunus armeniaca,Fruits,6,vegetarian eggetarian fishetarian veg,apricot_dried
E006,"Apricot, processed",Prunus armeniaca,Fruits,3,vegetarian eggetarian fishetarian veg,apricot_processed
E007,Avocado fruit,Persea  americana,Fruits,1,vegetarian eggetarian fishetarian veg,avocado_fruit
E008,Bael fruit,Aegle marmelos,Fruits,1,vegetarian eggetarian fishetarian veg,bael_fruit
E009,"Banana, ripe, montham",Musa x paradisiaca,Fruits,1,vegetarian eggetarian fishetarian veg,banana_ripe_montham
E010,"Banana, ripe, poovam",Musa x paradisiaca,Fruits,2,vegetarian eggetarian fishetarian veg,banana_ripe_poovam
E011,"Banana, ripe, red",Musa paradisiaca,Fruits,1,vegetarian eggetarian fishetarian veg,banana_ripe_red
E012,"Banana, ripe, robusta",Musa x paradisiaca,Fruits,6,vegetarian eggetarian fishetarian veg,banana_ripe_robusta
E013,Black berry,Rubus sp.,Fruits,5,vegetarian eggetarian fishetarian veg,black_berry
E014,"Cherries, red",Prunus avium,Fruits,4,vegetarian eggetarian fishetarian veg,cherries_red
E015,"Currants, black",Ribes nigrum,Fruits,1,vegetarian eggetarian fishetarian veg,currants_black
E016,Custard apple,Annona squamosa,Fruits,1,vegetarian eggetarian fishetarian veg,custard_apple
E017,"Dates, dry, pale brown",Phoenix dactylifera,Fruits,6,vegetarian eggetarian fishetarian veg,dates_dry_pale_brown
E018,"Dates, dry, dark brown",Phoenix dactylifera,Fruits,2,vegetarian eggetarian fishetarian veg,dates_dry_dark_brown
E019,"Dates, processed",Phoenix dactylifera,Fruits,2,vegetarian eggetarian fishetarian veg,dates_processed
E020,Fig,Ficus Carica,Fruits,6,vegetarian eggetarian fishetarian veg,fig
E021,Goosberry,Emblica officinalis,Fruits,5,vegetarian eggetarian fishetarian veg,goosberry
E022,"Grapes, seeded, round, black",Vitis vinifera,Fruits,4,vegetarian eggetarian fishetarian veg,grapes_seeded_round_black
E023,"Grapes, seeded, round, green",Vitis vinifera,Fruits,5,vegetarian eggetarian fishetarian veg,grapes_seeded_round_green
E024,"Grapes, seeded, round, red",Vitis vinifera,Fruits,5,vegetarian eggetarian fishetarian veg,grapes_seeded_round_red
E025,"Grapes, seedless, oval, black",Vitis vinifera,Fruits,5,vegetarian eggetarian fishetarian veg,grapes_seedless_oval_black
E026,"Grapes, seedless, round, green",Vitis vinifera,Fruits,5,vegetarian eggetarian fishetarian veg,grapes_seedless_round_green
E027,"Grapes, seedless, round, black",Vitis vinifera,Fruits,5,vegetarian eggetarian fishetarian veg,grapes_seedless_round_black
E028,"Guava, white flesh",Psidium guajava,Fruits,5,vegetarian eggetarian fishetarian veg,guava_white_flesh
E029,"Guava, pink flesh",Psidium guajava,Fruits,5,vegetarian eggetarian fishetarian veg,guava_pink_flesh
E030,"Jack fruit, ripe",Artocarpus heterophyllus,Fruits,5,vegetarian eggetarian fishetarian veg,jack_fruit_ripe
E031,"Jambu fruit, ripe",Syzygium samarangense,Fruits,2,vegetarian eggetarian fishetarian veg,jambu_fruit_ripe
E032,Karonda fruit,Carissa carandas,Fruits,1,vegetarian eggetarian fishetarian veg,karonda_fruit
E033,"Lemon, juice",Citrus limon,Fruits,6,vegetarian eggetarian fishetarian veg,lemon_juice
E034,"Lime, sweet, pulp",Citrus limetta,Fruits,6,vegetarian eggetarian fishetarian veg,lime_sweet_pulp
E035,Litchi,Litchi chinensis,Fruits,4,vegetarian eggetarian fishetarian veg,litchi
E036,"Mango, ripe, banganapalli",Mangifera indica,Fruits,6,vegetarian eggetarian fishetarian veg,mango_ripe_banganapalli
E037,"Mango, ripe, gulabkhas",Mangifera indica,Fruits,2,vegetarian eggetarian fishetarian veg,mango_ripe_gulabkhas
E038,"Mango, ripe, himsagar",Mangifera indica,Fruits,3,vegetarian eggetarian fishetarian veg,mango_ripe_himsagar
E039,"Mango, ripe, kesar",Mangifera indica,Fruits,4,vegetarian eggetarian fishetarian veg,mango_ripe_kesar
E040,"Mango, ripe, neelam",Mangifera indica,Fruits,2,vegetarian eggetarian fishetarian veg,mango_ripe_neelam
E041,"Mango, ripe, paheri",Mangifera indica,Fruits,2,vegetarian eggetarian fishetarian veg,mango_ripe_paheri
E042,"Mango, ripe, totapari",Mangifera indica,Fruits,1,vegetarian eggetarian fishetarian veg,mango_ripe_totapari
E043,Mangosteen,Garcinia mangostana,Fruits,1,vegetarian eggetarian fishetarian veg,mangosteen
E044,Manila tamarind,Pithecellobium dulce,Fruits,1,vegetarian eggetarian fishetarian veg,manila_tamarind
E045,"Musk melon, orange flesh",Cucumis melon,Fruits,5,vegetarian eggetarian fishetarian veg,musk_melon_orange_flesh
E046,"Musk melon, yellow flesh",Cucumis melo,Fruits,6,vegetarian eggetarian fishetarian veg,musk_melon_yellow_flesh
E047,"Orange, pulp",Citrus aurantium,Fruits,6,vegetarian eggetarian fishetarian veg,orange_pulp
E048,"Palm fruit, tender",Borassus flabellifer,Fruits,1,vegetarian eggetarian fishetarian veg,palm_fruit_tender
E049,"Papaya, ripe",Carcia papaya,Fruits,6,vegetarian eggetarian fishetarian veg,papaya_ripe
E050,Peach,Prunus communis,Fruits,1,vegetarian eggetarian fishetarian veg,peach
E051,Pear,Pyrus sp.,Fruits,6,vegetarian eggetarian fishetarian veg,pear
E052,Phalsa,Grewia asiatica,Fruits,2,vegetarian eggetarian fishetarian veg,phalsa
E053,Pineapple,Ananas comosus,Fruits,6,vegetarian eggetarian fishetarian veg,pineapple
E054,Plum,Prunus domestica,Fruits,3,vegetarian eggetarian fishetarian veg,plum
E055,"Pomegranate, maroon seeds",Punica granatum,Fruits,6,vegetarian eggetarian fishetarian veg,pomegranate_maroon_seeds
E056,Pummelo,Citrus maxima,Fruits,3,vegetarian eggetarian fishetarian veg,pummelo
E057,"Raisins, dried, black",Vitis vinifera,Fruits,6,vegetarian eggetarian fishetarian veg,raisins_dried_black
E058,"Raisins, dried, golden",Vitis vinifera,Fruits,6,vegetarian eggetarian fishetarian veg,raisins_dried_golden
E059,Rambutan,Nephelium lappaceum,Fruits,1,vegetarian eggetarian fishetarian veg,rambutan
E060,Sapota,Achras sapota,Fruits,6,vegetarian eggetarian fishetarian veg,sapota
E061,Soursop,Annona muricata,Fruits,1,vegetarian eggetarian fishetarian veg,soursop
E062,Star fruit,Averrhoa carambola,Fruits,1,vegetarian eggetarian fishetarian veg,star_fruit
E063,Strawberry,Fragaria ananassa,Fruits,6,vegetarian eggetarian fishetarian veg,strawberry
E064,"Tamarind, pulp",Tamarindus indicus,Fruits,6,vegetarian eggetarian fishetarian veg,tamarind_pulp
E065,"Water melon, dark green (sugar baby)",Citrullus vulgaris,Fruits,6,vegetarian eggetarian fishetarian veg,water_melon_dark_green_sugar_baby
E066,"Water melon, pale green",Citrullus vulgaris,Fruits,6,vegetarian eggetarian fishetarian veg,water_melon_pale_green
E067,Wood apple,Limonia acidissima,Fruits,3,vegetarian eggetarian fishetarian veg,wood_apple
E068,Zizyphus,Zizyphus jujuba,Fruits,1,vegetarian eggetarian fishetarian veg,zizyphus
F001,Beetroot,Beta vulgaris,Roots and Tubers,6,vegetarian eggetarian fishetarian veg,beetroot
F002,"Carrot, orange",Dacus carota,Roots and Tubers,6,vegetarian eggetarian fishetarian veg,carrot_orange
F003,"Carrot, red",Dacus carota,Roots and Tubers,4,vegetarian eggetarian fishetarian veg,carrot_red
F004,Colocasia,Colocasia antiquorum,Roots and Tubers,6,vegetarian eggetarian fishetarian veg,colocasia
F005,Lotus root,Nelumbium nelumbo,Roots and Tubers,3,vegetarian eggetarian fishetarian veg,lotus_root
F006,"Potato, brown skin, big",Solanum tuberosum,Roots and Tubers,6,vegetarian eggetarian fishetarian veg,potato_brown_skin_big
F007,"Potato, brown skin, small",Solanum tuberosum,Roots and Tubers,1,vegetarian eggetarian fishetarian veg,potato_brown_skin_small
F008,"Potato, red skin",Solanum tuberosum,Roots and Tubers,1,vegetarian eggetarian fishetarian veg,potato_red_skin
F009,"Radish, elongate, red skin",Raphanus sativus,Roots and Tubers,3,vegetarian eggetarian fishetarian veg,radish_elongate_red_skin
F010,"Radish, elongate, white skin",Raphanus sativus,Roots and Tubers,6,vegetarian eggetarian fishetarian veg,radish_elongate_white_skin
F011,"Radish, round, red skin",Raphanus sativus,Roots and Tubers,1,vegetarian eggetarian fishetarian veg,radish_round_red_skin
F012,"Radish, round, white skin",Raphanus sativus,Roots and Tubers,2,vegetarian eggetarian fishetarian veg,radish_round_white_skin
F013,"Sweet potato, brown skin",Ipomoea batatas,Roots and Tubers,4,vegetarian eggetarian fishetarian veg,sweet_potato_brown_skin
F014,"Sweet potato, pink skin",Ipomoea batatas,Roots and Tubers,3,vegetarian eggetarian fishetarian veg,sweet_potato_pink_skin
F015,Tapioca,Manihot esculenta,Roots and Tubers,3,vegetarian eggetarian fishetarian veg,tapioca
F016,Water Chestnut,Eleocharis dulcis,Roots and Tubers,1,vegetarian eggetarian fishetarian veg,water_chestnut
F017,"Yam, elephant",Amorphophallus paeoniifolius,Roots and Tubers,6,vegetarian eggetarian fishetarian veg,yam_elephant
F018,"Yam, ordinary",Dioscorea strydomiana,Roots and Tubers,4,vegetarian eggetarian fishetarian veg,yam_ordinary
F019,"Yam, wild",Dioscorea villosa,Roots and Tubers,2,vegetarian eggetarian fishetarian veg,yam_wild
G001,"Chillies, green-1",Capsicum annum,Condiments and Spices,5,vegetarian eggetarian fishetarian veg,chillies_green_1
G002,"Chillies, green-2",Capsicum annum,Condiments and Spices,3,vegetarian eggetarian fishetarian veg,chillies_green_2
G003,"Chillies, green-3",Capsicum annum,Condiments and Spices,5,vegetarian eggetarian fishetarian veg,chillies_green_3
G004,"Chillies, green-4",Capsicum annum,Condiments and Spices,3,vegetarian eggetarian fishetarian veg,chillies_green_4
G005,"Chillies, green-5",Capsicum annum,Condiments and Spices,2,vegetarian eggetarian fishetarian veg,chillies_green_5
G006,"Chillies, green-6",Capsicum annum,Condiments and Spices,1,vegetarian eggetarian fishetarian veg,chillies_green_6
G007,"Chillies, green-7",Capsicum annum,Condiments and Spices,1,vegetarian eggetarian fishetarian veg,chillies_green_7
G008,"Chillies, green - all varieties",Capsicum annum,Condiments and Spices,6,vegetarian eggetarian fishetarian veg,chillies_green_all_varieties
G009,Coriander leaves,Coriandrum sativum,Condiments and Spices,6,vegetarian eggetarian fishetarian veg,coriander_leaves
G010,Curry leaves,Murraya koenigii,Condiments and Spices,6,vegetarian eggetarian fishetarian veg,curry_leaves
G011,"Garlic, big cloves",Allium sativum,Condiments and Spices,6,vegetarian eggetarian fishetarian veg,garlic_big_cloves
G012,"Garlic, small cloves",Allium sativum,Condiments and Spices,3,vegetarian eggetarian fishetarian veg,garlic_small_cloves
G013,"Garlic, single clove, Kashmir",Allium sativum,Condiments and Spices,1,vegetarian eggetarian fishetarian veg,garlic_single_clove_kashmir
G014,"Ginger, fresh",Zinziber officinale,Condiments and Spices,6,vegetarian eggetarian fishetarian veg,ginger_fresh
G015,Mango ginger,Curcuma amada,Condiments and Spices,3,vegetarian eggetarian fishetarian veg,mango_ginger
G016,Mint leaves,Mentha spicata,Condiments and Spices,4,vegetarian eggetarian fishetarian veg,mint_leaves
G017,"Onion, big",Allium cepa,Condiments and Spices,6,vegetarian eggetarian fishetarian veg,onion_big
G018,"Onion, small",Allium cepa,Condiments and Spices,5,vegetarian eggetarian fishetarian veg,onion_small
G019,Asafoetida,Ferula assa-foetida,Condiments and Spices,6,vegetarian eggetarian fishetarian veg,asafoetida
G020,"Cardamom, green",Elettaria cardamomum,Condiments and Spices,6,vegetarian eggetarian fishetarian veg,cardamom_green
G021,"Cardamom, black",Elettaria cardamomum,Condiments and Spices,4,vegetarian eggetarian fishetarian veg,cardamom_black
G022,"Chillies, red",Capsicum annum,Condiments and Spices,6,vegetarian eggetarian fishetarian veg,chillies_red
G023,Cloves,Syzygium aromaticum,Condiments and Spices,6,vegetarian eggetarian fishetarian veg,cloves
G024,Coriander seeds,Coriandrum sativum,Condiments and Spices,6,vegetarian eggetarian fishetarian veg,coriander_seeds
G025,Cumin seeds,Cuminum cyminum,Condiments and Spices,6,vegetarian eggetarian fishetarian veg,cumin_seeds
G026,Fenugreek seeds,Trigonella foenum graecum,Condiments and Spices,6,vegetarian eggetarian fishetarian veg,fenugreek_seeds
G027,Mace,Myristica fragrans,Condiments and Spices,6,vegetarian eggetarian fishetarian veg,mace
G028,Nutmeg,Myristica fragrans,Condiments and Spices,6,vegetarian eggetarian fishetarian veg,nutmeg
G029,Omum,Trachyspermum ammi,Condiments and Spices,6,vegetarian eggetarian fishetarian veg,omum
G030,Pippali,Piper longum,Condiments and Spices,6,vegetarian eggetarian fishetarian veg,pippali
G031,"Pepper, black",Piper nigrum,Condiments and Spices,6,vegetarian eggetarian fishetarian veg,pepper_black
G032,Poppy seeds,Papaver somniferum,Condiments and Spices,6,vegetarian eggetarian fishetarian veg,poppy_seeds
G033,Turmeric powder,Curcuma domestica,Condiments and Spices,6,vegetarian eggetarian fishetarian veg,turmeric_powder
H001,Almond,Prunus amygdalus,Nuts and Oil Seeds,6,vegetarian eggetarian fishetarian veg,almond
H002,"Arecanut, dried, brown",Areca catechu,Nuts and Oil Seeds,6,vegetarian eggetarian fishetarian veg,arecanut_dried_brown
H003,"Arecanut, dried, red color",Areca catechu,Nuts and Oil Seeds,3,vegetarian eggetarian fishetarian veg,arecanut_dried_red_color
H004,"Arecanut, fresh",Areca catechu,Nuts and Oil Seeds,2,vegetarian eggetarian fishetarian veg,arecanut_fresh
H005,Cashew nut,Anacardium occidentale,Nuts and Oil Seeds,6,vegetarian eggetarian fishetarian veg,cashew_nut
H006,"Coconut, kernel, dry",Cocos nucifera,Nuts and Oil Seeds,6,vegetarian eggetarian fishetarian veg,coconut_kernel_dry
H007,"Coconut, kernel, fresh",Cocos nucifera,Nuts and Oil Seeds,6,vegetarian eggetarian fishetarian veg,coconut_kernel_fresh
H008,"Garden cress, seeds",Lepidium sativum,Nuts and Oil Seeds,5,vegetarian eggetarian fishetarian veg,garden_cress_seeds
H009,"Gingelly seeds, black",Sesamum indicum,Nuts and Oil Seeds,6,vegetarian eggetarian fishetarian veg,gingelly_seeds_black
H010,"Gingelly seeds, brown",Sesamum indicum,Nuts and Oil Seeds,4,vegetarian eggetarian fishetarian veg,gingelly_seeds_brown
H011,"Gingelly seeds, white",Sesamum indicum,Nuts and Oil Seeds,5,vegetarian eggetarian fishetarian veg,gingelly_seeds_white
H012,Ground nut,Arachis hypogea,Nuts and Oil Seeds,6,vegetarian eggetarian fishetarian veg,ground_nut
H013,Mustard seeds,Brassica nigra,Nuts and Oil Seeds,6,vegetarian eggetarian fishetarian veg,mustard_seeds
H014,Linseeds,Linum usitatissimum,Nuts and Oil Seeds,6,vegetarian eggetarian fishetarian veg,linseeds
H015,"Niger seeds, black",Guizotia abyssinica,Nuts and Oil Seeds,4,vegetarian eggetarian fishetarian veg,niger_seeds_black
H016,"Niger seeds, grey",Guizotia abyssinica,Nuts and Oil Seeds,5,vegetarian eggetarian fishetarian veg,niger_seeds_grey
H017,Pine seeds,Pinus sp.,Nuts and Oil Seeds,5,vegetarian eggetarian fishetarian veg,pine_seeds
H018,Pistachio nuts,Pistacia vera,Nuts and Oil Seeds,6,vegetarian eggetarian fishetarian veg,pistachio_nuts
H019,Safflower seeds,Carthamus tinctorius,Nuts and Oil Seeds,5,vegetarian eggetarian fishetarian veg,safflower_seeds
H020,Sunflower seeds,Helianthus annuus,Nuts and Oil Seeds,5,vegetarian eggetarian fishetarian veg,sunflower_seeds
H021,Walnut,Juglans regia,Nuts and Oil Seeds,6,vegetarian eggetarian fishetarian veg,walnut
I001,"Jaggery, cane",Saccharum officinarum,Sugars,6,vegetarian eggetarian fishetarian veg,jaggery_cane
I002,"Sugarcane, juice",Saccharum officinarum,Sugars,6,vegetarian eggetarian fishetarian veg,sugarcane_juice
J001,"Button mushroom, fresh",Agaricus sp.,Mushrooms,1,vegetarian eggetarian fishetarian veg,button_mushroom_fresh
J002,"Chicken mushroom, fresh",Lactiporus sp.,Mushrooms,1,vegetarian eggetarian fishetarian veg,chicken_mushroom_fresh
J003,"Shiitake mushroom, fresh",Lentinula sp.,Mushrooms,1,vegetarian eggetarian fishetarian veg,shiitake_mushroom_fresh
J004,"Oyster mushroom, dried",Pleurotus sp.,Mushrooms,1,vegetarian eggetarian fishetarian veg,oyster_mushroom_dried
K001,Toddy,,Miscellaneous Foods,10,vegetarian eggetarian fishetarian veg,toddy
K002,Coconut water,Cocos nucifera,Miscellaneous Foods,6,vegetarian eggetarian fishetarian veg,coconut_water
L001,"Milk, whole, Buffalo",,Milk and Milk Products,6,vegetarian eggetarian fishetarian veg,milk_whole_buffalo
L002,"Milk, whole, Cow",,Milk and Milk Products,6,vegetarian eggetarian fishetarian veg,milk_whole_cow
L003,Paneer,,Milk and Milk Products,6,vegetarian eggetarian fishetarian veg,paneer
L004,Khoa,,Milk and Milk Products,6,vegetarian eggetarian fishetarian veg,khoa
M001,"Egg, poultry, whole, raw",,Egg and Egg Products,6,eggetarian fishetarian nonveg,egg_poultry_whole_raw
M002,"Egg, poultry, white, raw",,Egg and Egg Products,6,eggetarian fishetarian nonveg,egg_poultry_white_raw
M003,"Egg, poultry, yolk, raw",,Egg and Egg Products,6,eggetarian fishetarian nonveg,egg_poultry_yolk_raw
M004,"Egg, poultry, whole, boiled",,Egg and Egg Products,6,eggetarian fishetarian nonveg,egg_poultry_whole_boiled
M005,"Egg, poultry, white, boiled",,Egg and Egg Products,6,eggetarian fishetarian nonveg,egg_poultry_white_boiled
M006,"Egg, poultry, yolk, boiled",,Egg and Egg Products,6,eggetarian fishetarian nonveg,egg_poultry_yolk_boiled
M007,"Egg, poultry, omlet",,Egg and Egg Products,3,eggetarian fishetarian nonveg,egg_poultry_omlet
M008,"Egg, country hen, whole, raw",,Egg and Egg Products,1,eggetarian fishetarian nonveg,egg_country_hen_whole_raw
M009,"Egg, country hen, whole, boiled",,Egg and Egg Products,1,eggetarian fishetarian nonveg,egg_country_hen_whole_boiled
M010,"Egg, country hen, omlet",,Egg and Egg Products,1,eggetarian fishetarian nonveg,egg_country_hen_omlet
M011,"Egg, duck, whole, boiled",,Egg and Egg Products,1,eggetarian fishetarian nonveg,egg_duck_whole_boiled
M012,"Egg, duck, whole, raw",,Egg and Egg Products,1,eggetarian fishetarian nonveg,egg_duck_whole_raw
M013,"Egg, duck, whole, omlet",,Egg and Egg Products,1,eggetarian fishetarian nonveg,egg_duck_whole_omlet
M014,"Egg, quial, whole, raw",,Egg and Egg Products,1,eggetarian fishetarian nonveg,egg_quial_whole_raw
M015,"Egg, quial, whole, boiled",,Egg and Egg Products,1,eggetarian fishetarian nonveg,egg_quial_whole_boiled
N001,"Chicken, poultry, leg, skinless",,Poultry,4,nonveg,chicken_poultry_leg_skinless
N002,"Chicken, poultry, thigh, skinless",,Poultry,6,nonveg,chicken_poultry_thigh_skinless
N003,"Chicken, poultry, breast, skinless",,Poultry,5,nonveg,chicken_poultry_breast_skinless
N004,"Chicken, poultry, wing, skinless",,Poultry,5,nonveg,chicken_poultry_wing_skinless
N005,"Poultry, chicken, liver",,Poultry,1,nonveg,poultry_chicken_liver
N006,"Poultry, chicken, gizzard",,Poultry,1,nonveg,poultry_chicken_gizzard
N007,"Country hen, leg, with skin",,Poultry,1,nonveg,country_hen_leg_with_skin
N008,"Country hen, thigh, with skin",,Poultry,1,nonveg,country_hen_thigh_with_skin
N009,"Country hen, breast, with skin",,Poultry,1,nonveg,country_hen_breast_with_skin
N010,"Country hen, wing, with skin",,Poultry,1,nonveg,country_hen_wing_with_skin
N011,"Duck, meat, with skin",,Poultry,1,nonveg,duck_meat_with_skin
N012,"Emu, meat, skinless",,Poultry,1,nonveg,emu_meat_skinless
N013,"Guinea fowl, meat, with skin",,Poultry,1,nonveg,guinea_fowl_meat_with_skin
N014,"Pigeon, meat, with skin",,Poultry,1,nonveg,pigeon_meat_with_skin
N015,"Quail, meat, skinless",,Poultry,1,nonveg,quail_meat_skinless
N016,"Turkey, leg, with skin",,Poultry,1,nonveg,turkey_leg_with_skin
N017,"Turkey, thigh, with skin",,Poultry,1,nonveg,turkey_thigh_with_skin
N018,"Turkey, breast, with skin",,Poultry,1,nonveg,turkey_breast_with_skin
N019,"Turkey, wing, with skin",,Poultry,1,nonveg,turkey_wing_with_skin
O001,"Goat, shoulder, meat",,Animal Meat,6,nonveg,goat_shoulder_meat
O002,"Goat, chops",,Animal Meat,6,nonveg,goat_chops
O003,"Goat, legs",,Animal Meat,6,nonveg,goat_legs
O004,"Goat, brain",,Animal Meat,5,nonveg,goat_brain
O005,"Goat, tongue",,Animal Meat,4,nonveg,goat_tongue
O006,"Goat, lungs",,Animal Meat,4,nonveg,goat_lungs
O007,"Goat, heart",,Animal Meat,5,nonveg,goat_heart
O008,"Goat, liver",,Animal Meat,6,nonveg,goat_liver
O009,"Goat, tripe",,Animal Meat,5,nonveg,goat_tripe
O010,"Goat, spleen",,Animal Meat,4,nonveg,goat_spleen
O011,"Goat, kidneys",,Animal Meat,4,nonveg,goat_kidneys
O012,"Goat, tube (small intestine)",,Animal Meat,3,nonveg,goat_tube_small_intestine
O013,"Goat, testis",,Animal Meat,2,nonveg,goat_testis
O014,"Sheep, shoulder",,Animal Meat,5,nonveg,sheep_shoulder
O015,"Sheep, chops",,Animal Meat,4,nonveg,sheep_chops
O016,"Sheep, leg",,Animal Meat,5,nonveg,sheep_leg
O017,"Sheep, brain",,Animal Meat,1,nonveg,sheep_brain
O018,"Sheep, tongue",,Animal Meat,1,nonveg,sheep_tongue
O019,"Sheep, lungs",,Animal Meat,2,nonveg,sheep_lungs
O020,"Sheep, heart",,Animal Meat,1,nonveg,sheep_heart
O021,"Sheep, liver",,Animal Meat,4,nonveg,sheep_liver
O022,"Sheep, tripe",,Animal Meat,2,nonveg,sheep_tripe
O023,"Sheep, spleen",,Animal Meat,1,nonveg,sheep_spleen
O024,"Sheep, kidneys",,Animal Meat,2,nonveg,sheep_kidneys
O025,"Beef, shoulder",,Animal Meat,6,nonveg,beef_shoulder
O026,"Beef, chops",,Animal Meat,4,nonveg,beef_chops
O027,"Beef, round (leg)",,Animal Meat,6,nonveg,beef_round_leg
O028,"Beef, brain",,Animal Meat,4,nonveg,beef_brain
O029,"Beef, tongue",,Animal Meat,4,nonveg,beef_tongue
O030,"Beef, lungs",,Animal Meat,3,nonveg,beef_lungs
O031,"Beef, heart",,Animal Meat,5,nonveg,beef_heart
O032,"Beef, liver",,Animal Meat,6,nonveg,beef_liver
O033,"Beef, tripe",,Animal Meat,5,nonveg,beef_tripe
O034,"Beef, spleen",,Animal Meat,6,nonveg,beef_spleen
O035,"Beef, kidneys",,Animal Meat,3,nonveg,beef_kidneys
O036,"Calf, shoulder",,Animal Meat,2,nonveg,calf_shoulder
O037,"Calf, chops",,Animal Meat,2,nonveg,calf_chops
O038,"Calf, round (leg)",,Animal Meat,2,nonveg,calf_round_leg
O039,"Calf, brain",,Animal Meat,2,nonveg,calf_brain
O040,"Calf, tongue",,Animal Meat,2,nonveg,calf_tongue
O041,"Calf, heart",,Animal Meat,1,nonveg,calf_heart
O042,"Calf, liver",,Animal Meat,1,nonveg,calf_liver
O043,"Calf, spleen",,Animal Meat,1,nonveg,calf_spleen
O044,"Calf, kidneys",,Animal Meat,2,nonveg,calf_kidneys
O045,"Mithun, shoulder",,Animal Meat,1,nonveg,mithun_shoulder
O046,"Mithun, chops",,Animal Meat,1,nonveg,mithun_chops
O047,"Mithun, round (leg)",,Animal Meat,1,nonveg,mithun_round_leg
O048,"Pork, shoulder",,Animal Meat,6,nonveg,pork_shoulder
O049,"Pork, chops",,Animal Meat,6,nonveg,pork_chops
O050,"Pork, ham",,Animal Meat,6,nonveg,pork_ham
O051,"Pork, lungs",,Animal Meat,4,nonveg,pork_lungs
O052,"Pork, heart",,Animal Meat,4,nonveg,pork_heart
O053,"Pork, liver",,Animal Meat,5,nonveg,pork_liver
O054,"Pork, stomach",,Animal Meat,1,nonveg,pork_stomach
O055,"Pork, spleen",,Animal Meat,3,nonveg,pork_spleen
O056,"Pork, kidneys",,Animal Meat,5,nonveg,pork_kidneys
O057,"Pork, tube (small intestine)",,Animal Meat,1,nonveg,pork_tube_small_intestine
O058,"Hare, shoulder",,Animal Meat,1,nonveg,hare_shoulder
O059,"Hare, chops",,Animal Meat,1,nonveg,hare_chops
O060,"Hare, leg",,Animal Meat,1,nonveg,hare_leg
O061,"Rabbit, shoulder",,Animal Meat,1,nonveg,rabbit_shoulder
O062,"Rabbit, chops",,Animal Meat,1,nonveg,rabbit_chops
O063,"Rabbit, leg",,Animal Meat,1,nonveg,rabbit_leg
P001,Allathi,Elops machnata,Marine Fish,1,fishetarian nonveg,allathi
P002,Aluva,Parastromateus niger,Marine Fish,3,fishetarian nonveg,aluva
P003,Anchovy,Stolephorus indicus,Marine Fish,2,fishetarian nonveg,anchovy
P004,Ari fish,Aprion virescens,Marine Fish,1,fishetarian nonveg,ari_fish
P005,Betki,Lates calcarifer,Marine Fish,1,fishetarian nonveg,betki
P006,Black snapper,Macolor niger,Marine Fish,1,fishetarian nonveg,black_snapper
P007,Bombay duck,Harpadon nehereus,Marine Fish,2,fishetarian nonveg,bombay_duck
P008,Bommuralu,Muraenesox cinerius,Marine Fish,3,fishetarian nonveg,bommuralu
P009,Cat fish,Tachysurus thalassinus,Marine Fish,1,fishetarian nonveg,cat_fish
P010,Chakla,Rachycentron canadum,Marine Fish,5,fishetarian nonveg,chakla
P011,Chappal,Aluterus monoceros,Marine Fish,1,fishetarian nonveg,chappal
P012,Chelu,Elagatis bipinnulata,Marine Fish,2,fishetarian nonveg,chelu
P013,Chembali,Lutjanus quinquelineatus,Marine Fish,1,fishetarian nonveg,chembali
P014,Eri meen,Pristipomoides filamentosus,Marine Fish,1,fishetarian nonveg,eri_meen
P015,Gobro,Epinephelus diacanthus,Marine Fish,2,fishetarian nonveg,gobro
P016,Guitar fish,Rhinobatus prahli,Marine Fish,1,fishetarian nonveg,guitar_fish
P017,Hilsa,Tenualosa ilisha,Marine Fish,2,fishetarian nonveg,hilsa
P018,Jallal,Arius sp.,Marine Fish,1,fishetarian nonveg,jallal
P019,Jathi vela meen,Lethrinus lentjan,Marine Fish,2,fishetarian nonveg,jathi_vela_meen
P020,Kadal bral,Synodus indicus,Marine Fish,1,fishetarian nonveg,kadal_bral
P021,Kadali,Nemipterus mesoprion,Marine Fish,1,fishetarian nonveg,kadali
P022,Kalamaara,Leptomelanosoma indicum,Marine Fish,2,fishetarian nonveg,kalamaara
P023,Kalava,Epinephelus coioides,Marine Fish,1,fishetarian nonveg,kalava
P024,Kanamayya,Lutjanus rivulatus,Marine Fish,2,fishetarian nonveg,kanamayya
P025,Kannadi paarai,Alectis indicus,Marine Fish,3,fishetarian nonveg,kannadi_paarai
P026,Karimeen,Etroplus suratensis,Marine Fish,1,fishetarian nonveg,karimeen
P027,Karnagawala,Anchoa hepsetus,Marine Fish,1,fishetarian nonveg,karnagawala
P028,Kayrai,Thunnus albacares,Marine Fish,2,fishetarian nonveg,kayrai
P029,Kiriyan,Atule mate,Marine Fish,1,fishetarian nonveg,kiriyan
P030,Kite fish,Mobula kuhlii,Marine Fish,1,fishetarian nonveg,kite_fish
P031,Korka,Terapon jarbua,Marine Fish,1,fishetarian nonveg,korka
P032,Kulam paarai,Carangoides fulvoguttatus,Marine Fish,1,fishetarian nonveg,kulam_paarai
P033,Maagaa,Polynemus plebeius,Marine Fish,1,fishetarian nonveg,maagaa
P034,Mackerel,Rastrelliger kanagurta,Marine Fish,3,fishetarian nonveg,mackerel
P035,Manda clathi,Naso reticulatus,Marine Fish,1,fishetarian nonveg,manda_clathi
P036,Matha,Acanthurus mata,Marine Fish,2,fishetarian nonveg,matha
P037,Milk fish,Chanos chanos,Marine Fish,1,fishetarian nonveg,milk_fish
P038,Moon fish,Mene maculata,Marine Fish,1,fishetarian nonveg,moon_fish
P039,Mullet,Mugil cephalus,Marine Fish,3,fishetarian nonveg,mullet
P040,Mural,Tylosurus crocodilus crocodilus,Marine Fish,1,fishetarian nonveg,mural
P041,Myil meen,Istiophorus platypterus,Marine Fish,2,fishetarian nonveg,myil_meen
P042,Nalla bontha,Epinephelus sp,Marine Fish,1,fishetarian nonveg,nalla_bontha
P043,Narba,Caranx sexfasciatus,Marine Fish,2,fishetarian nonveg,narba
P044,Paarai,Caranx heberi,Marine Fish,1,fishetarian nonveg,paarai
P045,Padayappa,Canthidermis maculata,Marine Fish,1,fishetarian nonveg,padayappa
P046,Pali kora,Panna microdon,Marine Fish,1,fishetarian nonveg,pali_kora
P047,Pambada,Lepturacanthus savala,Marine Fish,2,fishetarian nonveg,pambada
P048,Pandukopa,Pseudosciaena manchurica,Marine Fish,1,fishetarian nonveg,pandukopa
P049,Parava,Lactarius lactarius,Marine Fish,1,fishetarian nonveg,parava
P050,Parcus,Psettodes erumei,Marine Fish,1,fishetarian nonveg,parcus
P051,Parrot fish,Scarus ghobban,Marine Fish,1,fishetarian nonveg,parrot_fish
P052,Perinkilichai,Pinjalo pinjalo,Marine Fish,1,fishetarian nonveg,perinkilichai
P053,Phopat,Coryphaena hippurus,Marine Fish,4,fishetarian nonveg,phopat
P054,Piranha,Pygopristis sp.,Marine Fish,1,fishetarian nonveg,piranha
P055,"Pomfret, black",Parastromateus niger,Marine Fish,2,fishetarian nonveg,pomfret_black
P056,"Pomfret, snub nose",Trachinotus blochii,Marine Fish,2,fishetarian nonveg,pomfret_snub_nose
P057,"Pomfret, white",Pampus argenteus,Marine Fish,2,fishetarian nonveg,pomfret_white
P058,Pranel,Gerres sp.,Marine Fish,1,fishetarian nonveg,pranel
P059,Pulli paarai,Gnathanodon speciosus,Marine Fish,1,fishetarian nonveg,pulli_paarai
P060,Queen fish,Scomberoides commersonianus,Marine Fish,3,fishetarian nonveg,queen_fish
P061,Raai fish,Lobotes surinamensis,Marine Fish,2,fishetarian nonveg,raai_fish
P062,Raai vanthu,Epinephelus chlorostigma,Marine Fish,1,fishetarian nonveg,raai_vanthu
P063,Rani,Pink perch,Marine Fish,1,fishetarian nonveg,rani
P064,"Ray fish, bow head, spotted",Rhina ancylostoma,Marine Fish,1,fishetarian nonveg,ray_fish_bow_head_spotted
P065,Red snapper,Lutjanus argentimaculatus,Marine Fish,1,fishetarian nonveg,red_snapper
P066,"Red snapper, small",Priacanthus hamrur,Marine Fish,1,fishetarian nonveg,red_snapper_small
P067,Sadaya,Platax orbicularis,Marine Fish,1,fishetarian nonveg,sadaya
P068,Salmon,Salmo salar,Marine Fish,1,fishetarian nonveg,salmon
P069,Sangada,Nemipterus japonicus,Marine Fish,1,fishetarian nonveg,sangada
P070,Sankata parai,Caranx ignobilis,Marine Fish,1,fishetarian nonveg,sankata_parai
P071,Sardine,Sardinella longiceps,Marine Fish,1,fishetarian nonveg,sardine
P072,Shark,Carcharhinus sorrah,Marine Fish,2,fishetarian nonveg,shark
P073,"Shark, hammer head",Sphyrna mokarran,Marine Fish,1,fishetarian nonveg,shark_hammer_head
P074,"Shark, spotted",Stegostoma fasciatum,Marine Fish,1,fishetarian nonveg,shark_spotted
P075,Shelavu,Sphyraena jello,Marine Fish,4,fishetarian nonveg,shelavu
P076,Silan,Silonia silondia,Marine Fish,1,fishetarian nonveg,silan
P077,Silk fish,Beryx sp.,Marine Fish,1,fishetarian nonveg,silk_fish
P078,Silver carp,Hypophthalmichthys molitrix,Marine Fish,1,fishetarian nonveg,silver_carp
P079,Sole fish,Cynoglossus arel,Marine Fish,1,fishetarian nonveg,sole_fish
P080,Stingray,Dasyatis pastinaca,Marine Fish,1,fishetarian nonveg,stingray
P081,Tarlava,Drepane punctata,Marine Fish,2,fishetarian nonveg,tarlava
P082,Tholam,Plectorhinchus schotaf,Marine Fish,2,fishetarian nonveg,tholam
P083,Tilapia,Oreochromis niloticus,Marine Fish,1,fishetarian nonveg,tilapia
P084,Tuna,Euthynnus affinis,Marine Fish,5,fishetarian nonveg,tuna
P085,"Tuna, striped",Katsuwonus pelamis,Marine Fish,1,fishetarian nonveg,tuna_striped
P086,Valava,Chirocentrus nudus,Marine Fish,1,fishetarian nonveg,valava
P087,Vanjaram,Scomberomorus commerson,Marine Fish,2,fishetarian nonveg,vanjaram
P088,Vela meen,Aprion virescens,Marine Fish,1,fishetarian nonveg,vela_meen
P089,Vora,Siganus javus,Marine Fish,2,fishetarian nonveg,vora
P090,Whale shark,Galeocerdo cuvier,Marine Fish,1,fishetarian nonveg,whale_shark
P091,Xiphinis,Xiphias gladius,Marine Fish,1,fishetarian nonveg,xiphinis
P092,"Eggs, cat fish",Ompok bimaculatus,Marine Fish,1,fishetarian nonveg,eggs_cat_fish
Q001,Crab,Menippe mercenaria,Marine Shellfish,1,fishetarian nonveg,crab
Q002,"Crab, sea",Portunus sanguinolentus,Marine Shellfish,1,fishetarian nonveg,crab_sea
Q003,"Lobster, brown",Thenus orientalis,Marine Shellfish,1,fishetarian nonveg,lobster_brown
Q004,"Lobster, king size",Thenus orientalis,Marine Shellfish,1,fishetarian nonveg,lobster_king_size
Q005,Mud crab,Scylla tranquebarica,Marine Shellfish,1,fishetarian nonveg,mud_crab
Q006,Oyster,Crassostrea sp.,Marine Shellfish,1,fishetarian nonveg,oyster
Q007,"Tiger prawns, brown",Solenocera crassicornis,Marine Shellfish,1,fishetarian nonveg,tiger_prawns_brown
Q008,"Tiger Prawns, orange",Penaeus monodon,Marine Shellfish,1,fishetarian nonveg,tiger_prawns_orange
R001,"Clam, green shell",Perna viridis,Marine Mollusks,1,fishetarian nonveg,clam_green_shell
R002,"Clam, white shell, ribbed",Meretrix meretrix,Marine Mollusks,1,fishetarian nonveg,clam_white_shell_ribbed
R003,Octopus,Octopus vulgaris,Marine Mollusks,1,fishetarian nonveg,octopus
R004,"Squid, black",Loligo sp.,Marine Mollusks,1,fishetarian nonveg,squid_black
R005,"Squid, hard shell",Sepia pharaonis,Marine Mollusks,1,fishetarian nonveg,squid_hard_shell
R006,"Squid, red",Loligo duvauceli,Marine Mollusks,2,fishetarian nonveg,squid_red
R007,"Squid, white, small",Uroteuthis duvauceli,Marine Mollusks,1,fishetarian nonveg,squid_white_small
S001,Cat fish,Tandanus tandanus,Fresh Water Fish and Shellfish,2,fishetarian nonveg,cat_fish
S002,Catla,Catla catla,Fresh Water Fish and Shellfish,6,fishetarian nonveg,catla
S003,Fresh water Eel,Anguilla anguilla,Fresh Water Fish and Shellfish,1,fishetarian nonveg,fresh_water_eel
S004,Gold fish,Carassius auratus,Fresh Water Fish and Shellfish,1,fishetarian nonveg,gold_fish
S005,Pangas,Pangasianodon hypophthalmus,Fresh Water Fish and Shellfish,2,fishetarian nonveg,pangas
S006,Rohu,Labeo rohita,Fresh Water Fish and Shellfish,6,fishetarian nonveg,rohu
S007,Crab,Pachygrapsus sp.,Fresh Water Fish and Shellfish,1,fishetarian nonveg,crab
S008,"Prawns, big",Macrobrachium rosenbergii,Fresh Water Fish and Shellfish,3,fishetarian nonveg,prawns_big
S009,"Prawns, small",Macrobrachium sp.,Fresh Water Fish and Shellfish,6,fishetarian nonveg,prawns_small
S010,Tiger prawns,Macrobrachium sp.,Fresh Water Fish and Shellfish,2,fishetarian nonveg,tiger_prawns
T001,Coconut oil,Cocos nucifera,Edible Oils and Fats,1,vegetarian eggetarian fishetarian veg,coconut_oil
T002,Corn oil,Zea mays,Edible Oils and Fats,1,vegetarian eggetarian fishetarian veg,corn_oil
T003,Cotton seed oil,Gossypium spp.,Edible Oils and Fats,1,vegetarian eggetarian fishetarian veg,cotton_seed_oil
T004,Gingelly oil,Sesamum indicum,Edible Oils and Fats,6,vegetarian eggetarian fishetarian veg,gingelly_oil
T005,Groundnut oil,Arachis hypogaea,Edible Oils and Fats,5,vegetarian eggetarian fishetarian veg,groundnut_oil
T006,Mustard oil,Brassica spp.,Edible Oils and Fats,6,vegetarian eggetarian fishetarian veg,mustard_oil
T007,Palm oil,Elaeis guineensis,Edible Oils and Fats,4,vegetarian eggetarian fishetarian veg,palm_oil
T008,Rice bran oil,Oryza sativa,Edible Oils and Fats,5,vegetarian eggetarian fishetarian veg,rice_bran_oil
T009,Safflower oil,Carthamus tinctorius,Edible Oils and Fats,1,vegetarian eggetarian fishetarian veg,safflower_oil
T010,Safflower oil (blended),,Edible Oils and Fats,4,vegetarian eggetarian fishetarian veg,safflower_oil_blended
T011,Soyabean oil,Glycine max,Edible Oils and Fats,6,vegetarian eggetarian fishetarian veg,soyabean_oil
T012,Sunflower oil,Helianthus annuus,Edible Oils and Fats,6,vegetarian eggetarian fishetarian veg,sunflower_oil
T013,Ghee,,Edible Oils and Fats,6,vegetarian eggetarian fishetarian veg,ghee
T014,Vanaspati,,Edible Oils and Fats,6,vegetarian eggetarian fishetarian veg,vanaspati
